Date,Num1,Num2,Num3,Num4,Num5,Num6,Addl
21/02/26,1,11,12,17,19,26,43
18/02/26,3,22,32,37,39,48,14
17/02/26,6,12,15,23,34,42,22
15/02/26,10,21,35,41,42,47,12
14/02/26,5,18,20,40,46,48,4
11/02/26,19,27,29,30,33,40,3
10/02/26,1,11,29,43,46,47,38
08/02/26,2,17,19,28,36,41,38
07/02/26,1,5,21,41,44,46,2
04/02/26,6,8,11,29,46,50,28
01/02/26,4,9,10,13,20,29,7
31/01/26,5,9,12,14,18,34,46
28/01/26,6,21,28,40,43,48,4
27/01/26,18,23,25,29,41,49,40
25/01/26,2,4,8,9,31,45,48
24/01/26,7,16,20,33,44,50,12
21/01/26,13,17,23,30,33,45,5
18/01/26,5,24,26,31,33,46,22
17/01/26,4,7,10,30,36,50,5
14/01/26,21,24,29,36,37,39,23
11/01/26,1,2,4,41,46,48,11
10/01/26,11,22,39,41,45,49,17
07/01/26,10,11,17,19,25,33,24
04/01/26,1,2,22,35,36,40,46
03/01/26,11,14,20,32,38,48,19
31/12/25,12,14,20,21,32,48,34
30/12/25,10,14,21,44,45,48,6
28/12/25,1,7,28,38,41,49,16
27/12/25,11,14,18,22,24,46,38
24/12/25,5,10,16,25,30,41,34
21/12/25,2,20,28,29,30,38,36
20/12/25,5,8,9,15,17,38,26
17/12/25,15,16,23,32,42,45,12
14/12/25,9,16,22,38,42,48,49
13/12/25,12,13,16,26,39,48,9
10/12/25,10,16,26,36,42,44,14
07/12/25,3,13,20,22,39,41,49
06/12/25,1,9,20,24,44,47,31
03/12/25,2,7,17,27,40,45,21
30/11/25,1,4,30,38,46,50,20
29/11/25,2,11,15,18,34,43,3
26/11/25,5,8,18,27,31,49,34
23/11/25,6,14,25,38,42,46,10
22/11/25,6,15,19,26,44,48,25
19/11/25,11,22,28,30,47,48,42
16/11/25,4,6,9,22,27,46,35
15/11/25,2,16,20,33,38,50,10
12/11/25,6,8,11,22,27,34,16
09/11/25,3,14,15,16,18,20,13
08/11/25,22,25,26,40,44,48,45
05/11/25,2,16,17,41,43,45,28
02/11/25,3,7,13,17,39,41,40
01/11/25,3,29,38,39,42,43,27
29/10/25,3,12,29,35,44,46,42
28/10/25,11,14,28,29,35,49,3
26/10/25,18,23,25,37,39,44,31
25/10/25,2,17,19,22,23,24,46
22/10/25,12,15,21,39,40,43,31
19/10/25,5,11,16,26,27,39,24
18/10/25,1,11,24,36,38,44,45
15/10/25,9,16,17,25,34,45,26
12/10/25,1,13,19,27,30,34,2
11/10/25,1,5,9,40,42,50,21
08/10/25,4,7,16,23,31,40,48
05/10/25,14,16,24,40,42,49,5
04/10/25,4,6,10,13,25,39,50
01/10/25,7,19,21,25,37,48,45
28/09/25,18,29,33,35,41,43,22
27/09/25,8,14,20,21,26,34,12
24/09/25,14,28,33,39,46,48,4
21/09/25,13,21,31,34,41,42,23
20/09/25,17,28,29,35,46,47,36
17/09/25,3,23,26,29,37,38,8
14/09/25,2,8,29,34,39,42,47
13/09/25,2,15,20,24,39,43,36
10/09/25,12,23,33,39,40,46,26
07/09/25,14,32,33,36,45,48,1
06/09/25,9,11,13,16,21,33,35
03/09/25,5,16,26,29,34,47,7
31/08/25,9,16,20,31,33,47,12
30/08/25,17,21,26,28,34,38,25
27/08/25,6,12,25,35,38,43,2
24/08/25,3,4,10,13,42,49,22
23/08/25,3,7,8,12,26,37,23
20/08/25,8,20,23,27,39,47,9
17/08/25,9,14,16,17,19,30,10
16/08/25,12,24,25,28,34,42,2
13/08/25,17,23,30,34,38,40,21
10/08/25,4,5,23,24,35,36,32
09/08/25,4,24,32,43,45,48,22
06/08/25,4,9,12,22,28,50,40
03/08/25,4,6,11,27,30,38,17
02/08/25,4,14,21,24,31,33,47
30/07/25,3,6,23,30,41,50,9
29/07/25,9,23,26,27,46,49,5
27/07/25,1,7,12,16,46,50,32
26/07/25,1,4,18,32,37,40,2
23/07/25,2,9,30,34,37,43,13
20/07/25,5,25,34,35,44,46,21
19/07/25,4,8,17,31,32,50,24
16/07/25,17,23,26,37,41,42,32
13/07/25,13,27,31,41,43,49,8
12/07/25,21,23,32,33,37,47,39
09/07/25,1,8,9,20,32,39,15
06/07/25,16,32,34,36,40,43,27
05/07/25,8,16,23,26,40,45,37
02/07/25,4,9,17,35,38,39,29
29/06/25,13,17,40,42,44,45,18
28/06/25,12,35,38,42,47,50,14
25/06/25,6,13,20,23,44,50,41
22/06/25,12,26,31,35,40,43,8
21/06/25,8,14,18,24,27,32,38
18/06/25,2,10,25,41,42,46,35
15/06/25,2,14,26,30,34,39,17
14/06/25,1,5,30,41,45,49,24
11/06/25,12,25,28,37,41,42,35
08/06/25,4,22,24,30,34,36,21
07/06/25,2,4,10,12,39,43,17
04/06/25,1,11,22,26,32,35,34
01/06/25,7,13,32,42,43,47,25
31/05/25,1,2,16,19,35,39,10
28/05/25,14,30,38,40,45,49,28
27/05/25,12,16,34,35,36,42,39
25/05/25,3,6,16,39,40,47,20
24/05/25,20,26,28,29,40,49,36
21/05/25,9,11,19,28,45,50,15
18/05/25,6,13,23,36,45,48,4
17/05/25,10,19,25,40,44,46,17
14/05/25,3,6,18,19,31,42,32
11/05/25,12,27,32,41,45,49,20
10/05/25,2,4,6,25,40,50,41
07/05/25,3,8,19,20,35,49,17
04/05/25,9,15,18,33,38,42,39
03/05/25,4,24,29,31,32,40,15
30/04/25,19,26,31,46,47,49,50
29/04/25,2,9,23,26,41,44,5
27/04/25,2,7,42,44,49,50,29
26/04/25,15,17,21,23,27,37,30
23/04/25,9,13,18,35,39,41,40
20/04/25,1,5,14,17,27,32,35
19/04/25,5,11,20,22,35,48,30
16/04/25,1,6,24,25,33,50,2
13/04/25,2,4,18,21,36,49,35
12/04/25,1,7,25,41,43,44,28
09/04/25,2,8,9,10,25,28,18
06/04/25,2,7,30,43,46,50,25
05/04/25,6,12,26,30,37,40,10
02/04/25,15,23,24,41,47,49,17
30/03/25,12,18,23,37,41,42,31
29/03/25,7,12,24,30,43,44,45
26/03/25,1,5,9,21,40,49,50
23/03/25,4,23,25,30,35,36,29
22/03/25,1,5,12,32,33,43,26
19/03/25,23,25,35,37,43,47,9
16/03/25,13,37,41,46,47,48,2
15/03/25,12,19,28,29,40,44,3
12/03/25,12,21,37,44,48,50,23
09/03/25,3,7,26,27,45,50,48
08/03/25,1,9,16,29,36,50,2
05/03/25,1,14,16,36,38,42,2
02/03/25,10,12,28,32,39,46,30
01/03/25,8,19,25,37,39,40,41
26/02/25,7,15,22,35,36,39,45
23/02/25,3,21,27,31,35,37,14
22/02/25,8,11,25,27,33,42,50
19/02/25,5,16,27,32,39,50,47
16/02/25,19,20,31,33,38,43,10
15/02/25,8,19,20,28,31,46,44
12/02/25,2,11,13,14,16,22,34
11/02/25,8,19,31,32,39,44,5
09/02/25,5,13,20,31,36,49,41
08/02/25,6,7,22,26,30,43,28
05/02/25,3,6,26,34,44,46,30
04/02/25,6,15,25,34,40,43,37
02/02/25,5,9,13,16,23,41,6
01/02/25,11,22,30,36,42,43,21
29/01/25,6,19,33,37,42,49,11
28/01/25,10,25,29,31,33,42,20
26/01/25,4,21,24,29,36,44,6
25/01/25,8,12,16,19,43,45,27
22/01/25,27,31,32,40,49,50,46
19/01/25,3,4,17,28,37,44,23
18/01/25,3,12,14,16,21,26,36
15/01/25,25,39,40,44,48,50,30
12/01/25,16,22,29,39,42,49,21
11/01/25,6,8,15,28,42,44,3
08/01/25,1,9,21,27,29,39,24
05/01/25,3,11,16,24,33,40,42
04/01/25,1,5,7,23,25,26,30
01/01/25,1,7,19,24,32,35,48
31/12/24,8,16,29,30,35,40,7
29/12/24,3,18,26,30,36,50,35
28/12/24,11,15,18,41,43,45,49
25/12/24,1,12,17,19,33,41,42
22/12/24,1,10,33,38,39,43,23
21/12/24,6,24,25,43,47,50,17
18/12/24,5,7,29,33,46,47,39
15/12/24,2,7,11,13,25,39,12
14/12/24,16,22,23,35,40,44,18
11/12/24,1,19,34,38,42,43,27
08/12/24,3,7,12,28,35,41,43
07/12/24,2,4,14,24,40,49,48
04/12/24,1,21,23,24,42,48,44
01/12/24,4,9,15,26,30,50,24
30/11/24,8,11,15,23,27,47,38
27/11/24,8,15,20,34,38,42,33
24/11/24,8,22,30,34,41,45,23
23/11/24,12,18,19,21,43,44,15
20/11/24,2,12,13,17,35,41,22
17/11/24,12,13,15,19,35,36,24
16/11/24,5,8,17,44,49,50,6
13/11/24,6,11,20,24,29,42,9
10/11/24,1,7,16,25,42,43,36
09/11/24,14,17,21,31,37,45,32
06/11/24,12,18,20,30,42,49,25
03/11/24,7,8,14,35,42,43,1
02/11/24,1,20,36,46,49,50,2
30/10/24,2,7,14,26,39,50,49
29/10/24,12,15,17,24,33,42,5
27/10/24,3,12,15,17,29,42,11
26/10/24,7,8,43,44,46,47,26
23/10/24,7,8,35,42,43,48,38
20/10/24,2,8,22,29,37,47,12
19/10/24,6,12,25,32,40,43,34
16/10/24,1,4,14,19,39,45,22
13/10/24,1,8,10,13,45,50,35
12/10/24,2,10,20,39,40,47,16
09/10/24,1,6,15,29,38,43,18
06/10/24,3,6,10,12,28,41,23
05/10/24,7,9,17,23,27,48,42
02/10/24,8,10,31,32,33,41,4
29/09/24,8,15,29,31,36,49,26
28/09/24,7,13,29,33,38,47,41
25/09/24,2,8,29,31,33,50,38
22/09/24,4,7,17,19,26,47,29
21/09/24,6,7,19,34,39,40,22
18/09/24,8,11,19,29,39,40,31
15/09/24,8,11,12,23,24,35,21
14/09/24,15,19,24,31,32,45,11
11/09/24,14,26,30,33,38,39,4
08/09/24,3,10,16,18,46,47,9
07/09/24,1,14,16,27,37,46,49
04/09/24,3,13,33,36,46,48,14
01/09/24,1,6,10,17,21,35,27
31/08/24,1,2,9,21,27,44,25
28/08/24,1,10,21,32,41,42,39
25/08/24,6,9,15,17,28,36,40
24/08/24,1,5,12,23,31,42,9
21/08/24,6,18,39,40,41,45,11
18/08/24,5,11,12,42,43,48,39
17/08/24,4,10,16,19,38,49,2
14/08/24,10,12,31,35,37,39,21
13/08/24,5,7,17,21,22,49,2
11/08/24,2,22,34,35,44,50,17
10/08/24,10,11,12,13,46,47,4
07/08/24,4,6,17,30,33,48,26
04/08/24,3,5,11,12,34,42,15
03/08/24,9,14,26,31,33,39,24
31/07/24,7,33,37,45,46,48,2
28/07/24,4,11,17,25,29,50,3
27/07/24,30,36,37,44,46,48,15
24/07/24,10,22,24,32,41,43,3
21/07/24,1,9,12,18,28,44,16
20/07/24,10,15,18,19,25,45,38
17/07/24,2,3,5,7,20,43,1
14/07/24,2,23,29,31,38,44,4
13/07/24,12,22,30,33,40,45,21
10/07/24,4,7,20,41,46,50,40
07/07/24,2,16,19,27,30,36,39
06/07/24,3,4,12,36,47,49,6
03/07/24,16,24,30,31,39,41,12
30/06/24,18,31,32,33,44,46,25
29/06/24,11,14,22,37,42,47,38
26/06/24,2,15,20,22,34,41,42
25/06/24,6,7,14,23,24,25,48
23/06/24,22,27,31,36,37,48,40
22/06/24,5,9,10,18,23,45,38
19/06/24,2,19,27,30,34,37,41
16/06/24,14,20,24,29,40,48,4
15/06/24,4,5,6,14,30,35,8
12/06/24,7,10,21,29,39,42,3
09/06/24,17,18,28,34,40,44,39
08/06/24,24,27,28,32,43,50,8
05/06/24,2,8,30,32,42,45,33
02/06/24,17,23,31,36,38,47,50
01/06/24,3,7,25,46,47,49,8
29/05/24,5,13,17,20,33,48,46
28/05/24,28,33,36,44,47,50,10
26/05/24,17,34,36,42,44,49,31
25/05/24,9,21,23,24,37,41,40
22/05/24,5,21,28,43,46,47,17
19/05/24,5,10,25,37,42,50,48
18/05/24,5,11,17,25,30,49,1
15/05/24,12,16,26,34,47,48,41
12/05/24,4,10,21,25,33,44,6
11/05/24,15,29,33,35,41,45,10
08/05/24,1,2,6,9,24,34,42
05/05/24,4,25,27,39,45,49,29
04/05/24,2,6,11,14,21,47,45
01/05/24,5,8,23,35,36,46,48
28/04/24,5,8,26,31,36,49,45
27/04/24,5,35,39,40,46,50,11
24/04/24,4,7,9,27,30,32,10
21/04/24,7,8,19,22,23,29,18
20/04/24,20,35,41,44,48,50,27
17/04/24,12,13,16,18,20,46,23
14/04/24,2,29,34,41,43,50,24
13/04/24,2,3,13,29,42,44,48
10/04/24,7,10,11,30,43,45,21
07/04/24,14,19,22,29,45,47,36
06/04/24,7,12,14,19,28,36,42
03/04/24,3,13,19,26,28,40,18
31/03/24,7,15,23,31,45,48,9
30/03/24,10,16,17,29,30,39,47
27/03/24,13,14,17,27,28,46,29
24/03/24,13,26,32,40,45,47,36
23/03/24,3,18,21,28,37,45,42
20/03/24,15,30,36,44,48,50,5
17/03/24,16,27,28,39,44,50,37
16/03/24,14,16,18,36,38,41,20
13/03/24,7,17,31,36,42,45,44
10/03/24,8,9,13,16,20,32,15
09/03/24,10,18,28,30,34,41,32
06/03/24,5,10,22,23,24,47,50
05/03/24,6,15,17,29,35,49,18
03/03/24,14,16,21,26,34,42,9
02/03/24,6,12,14,19,25,28,35
28/02/24,6,31,34,43,46,49,27
25/02/24,7,21,27,31,41,42,4
24/02/24,23,30,32,34,44,47,26
21/02/24,11,12,15,29,32,34,21
20/02/24,1,2,11,20,44,48,38
18/02/24,1,8,14,34,41,49,13
17/02/24,14,15,17,19,38,44,48
14/02/24,9,20,33,43,45,50,27
13/02/24,7,15,29,37,43,49,36
11/02/24,2,3,17,42,47,48,5
10/02/24,3,8,24,25,36,49,46
07/02/24,2,6,12,25,47,50,41
04/02/24,9,18,24,32,39,44,19
03/02/24,8,15,31,33,45,48,19
31/01/24,21,30,36,48,49,50,29
28/01/24,6,8,11,25,27,33,50
27/01/24,4,15,20,29,34,35,45
24/01/24,3,6,25,28,35,50,40
21/01/24,7,18,24,29,42,47,5
20/01/24,10,13,18,23,35,45,1
17/01/24,7,13,20,31,33,44,2
14/01/24,5,6,18,29,38,49,12
13/01/24,14,15,19,29,38,39,11
10/01/24,14,21,33,34,41,45,17
07/01/24,22,31,33,39,40,47,13
06/01/24,1,13,27,30,31,46,12
03/01/24,1,13,35,47,49,50,48
31/12/23,16,18,29,40,45,49,26
30/12/23,6,10,27,33,41,47,46
27/12/23,1,2,35,36,37,38,33
26/12/23,8,11,29,34,39,41,19
24/12/23,4,7,13,14,49,50,3
23/12/23,4,7,10,25,29,41,33
20/12/23,14,15,24,36,38,45,21
17/12/23,1,6,9,36,42,49,26
16/12/23,23,30,38,41,45,49,43
13/12/23,1,29,33,35,40,44,48
10/12/23,2,24,37,40,42,44,1
09/12/23,13,14,19,31,36,40,5
06/12/23,10,14,15,20,31,43,11
03/12/23,6,11,27,29,31,37,16
02/12/23,20,23,30,32,36,48,15
29/11/23,1,8,9,26,31,50,15
26/11/23,2,13,15,23,35,38,33
25/11/23,2,20,34,40,44,49,7
22/11/23,19,28,29,32,38,42,27
19/11/23,1,15,19,25,34,48,40
18/11/23,10,24,29,31,34,48,47
15/11/23,15,25,30,42,43,47,28
12/11/23,16,28,33,40,44,49,31
11/11/23,9,16,22,27,32,40,14
08/11/23,8,19,21,38,41,43,27
05/11/23,24,29,30,39,42,50,26
04/11/23,2,4,23,39,41,47,7
01/11/23,18,24,29,33,45,49,21
31/10/23,2,3,20,22,27,47,31
29/10/23,11,23,28,31,32,46,42
28/10/23,2,4,12,25,27,50,9
25/10/23,1,15,18,33,38,48,49
22/10/23,14,23,30,35,42,49,19
21/10/23,3,14,19,24,28,43,26
18/10/23,1,23,36,43,47,50,33
15/10/23,10,13,15,16,42,49,25
14/10/23,14,17,30,32,38,43,40
11/10/23,20,26,32,37,40,47,36
08/10/23,1,3,13,16,33,45,18
07/10/23,2,20,23,28,33,43,7
04/10/23,24,25,26,34,36,46,13
01/10/23,2,14,16,17,26,34,15
30/09/23,8,13,14,33,43,44,11
27/09/23,25,32,39,43,45,50,15
24/09/23,9,11,22,28,32,39,12
23/09/23,5,7,21,26,39,48,40
20/09/23,7,25,27,34,36,40,3
17/09/23,4,9,11,15,22,31,24
16/09/23,1,9,11,35,43,48,30
13/09/23,7,13,15,18,29,32,26
10/09/23,3,8,22,38,42,50,11
09/09/23,2,8,15,21,38,48,18
06/09/23,22,25,27,34,39,43,14
03/09/23,3,7,12,15,17,45,47
02/09/23,3,7,9,11,19,35,16
30/08/23,22,23,28,29,34,49,33
29/08/23,12,20,30,31,34,44,5
27/08/23,3,6,33,34,38,44,28
26/08/23,7,8,17,32,39,43,28
23/08/23,3,11,12,24,28,29,38
20/08/23,11,24,26,46,48,50,13
19/08/23,3,5,15,20,48,49,40
16/08/23,3,5,8,14,22,38,24
13/08/23,1,19,20,31,34,46,39
12/08/23,8,11,13,34,40,50,18
09/08/23,19,20,28,31,33,49,45
06/08/23,3,6,8,22,25,30,11
05/08/23,1,2,6,7,13,34,24
02/08/23,12,28,29,35,38,43,25
30/07/23,7,8,10,13,35,44,26
29/07/23,2,5,7,28,31,38,15
26/07/23,2,22,26,30,33,34,24
23/07/23,2,10,12,36,41,43,25
22/07/23,1,14,20,21,33,41,35
19/07/23,9,19,25,32,36,48,38
16/07/23,3,14,15,22,31,35,18
15/07/23,9,17,22,27,37,48,14
12/07/23,10,21,23,25,36,44,32
09/07/23,4,5,8,25,27,39,43
08/07/23,3,19,32,37,38,45,46
05/07/23,19,32,33,35,41,47,1
04/07/23,3,11,16,22,26,34,49
02/07/23,3,7,10,14,16,31,44
01/07/23,5,9,16,31,44,46,35
28/06/23,8,12,14,34,38,44,1
25/06/23,13,15,16,25,30,35,8
24/06/23,1,16,22,38,41,45,37
21/06/23,3,4,12,26,31,35,11
18/06/23,7,15,16,25,36,38,9
17/06/23,15,27,29,32,39,46,35
14/06/23,17,24,32,36,37,46,42
11/06/23,1,2,3,13,24,33,48
10/06/23,3,19,41,42,46,49,50
07/06/23,12,15,18,36,44,50,16
04/06/23,3,10,21,33,36,47,9
03/06/23,17,30,32,34,36,47,14
31/05/23,11,14,17,21,24,32,44
30/05/23,2,14,18,21,22,49,32
28/05/23,3,4,18,21,23,33,1
27/05/23,1,13,14,29,32,41,22
24/05/23,5,9,17,18,24,31,48
21/05/23,1,13,26,37,39,41,42
20/05/23,16,20,36,37,45,49,22
17/05/23,6,13,19,37,38,41,36
14/05/23,4,13,21,22,30,31,17
13/05/23,7,8,10,11,15,25,1
10/05/23,2,14,21,25,31,34,22
07/05/23,1,6,9,17,38,41,20
06/05/23,11,13,19,23,24,34,15
03/05/23,22,24,31,45,47,50,19
30/04/23,11,14,15,30,36,46,38
29/04/23,4,11,24,34,40,46,9
26/04/23,7,36,37,40,41,48,12
23/04/23,5,6,11,15,16,31,46
22/04/23,7,11,15,25,36,49,9
19/04/23,19,29,35,37,42,45,28
16/04/23,13,23,25,30,33,39,42
15/04/23,3,7,12,22,24,28,36
12/04/23,9,11,18,28,31,44,45
09/04/23,5,19,30,36,38,43,7
08/04/23,1,12,18,38,39,50,35
05/04/23,2,4,45,47,48,50,26
02/04/23,6,13,34,39,42,48,37
01/04/23,3,4,18,27,34,49,10
29/03/23,14,15,23,27,42,48,1
26/03/23,1,9,21,23,43,48,13
25/03/23,1,3,4,21,40,46,48
22/03/23,6,11,23,28,37,42,12
19/03/23,7,15,20,31,34,45,11
18/03/23,1,27,30,36,41,44,7
15/03/23,2,20,34,38,39,49,9
12/03/23,1,3,14,20,25,49,47
11/03/23,2,29,39,40,44,50,10
08/03/23,8,11,19,21,26,37,34
07/03/23,1,8,28,32,44,48,47
05/03/23,1,2,23,34,39,44,37
04/03/23,11,17,32,33,35,48,44
01/03/23,3,21,23,31,45,46,34
26/02/23,17,35,42,45,48,49,39
25/02/23,7,8,9,23,39,47,35
22/02/23,2,11,38,42,46,48,3
19/02/23,5,15,19,27,39,49,48
18/02/23,8,9,14,28,38,47,46
15/02/23,10,14,29,37,38,45,24
12/02/23,12,24,26,28,34,46,35
11/02/23,7,8,13,19,22,39,40
08/02/23,10,11,29,36,41,47,44
05/02/23,30,33,35,39,40,43,7
04/02/23,7,8,23,27,45,46,48
01/02/23,13,14,21,30,34,47,25
31/01/23,12,20,21,28,42,46,36
29/01/23,16,17,25,36,41,43,44
28/01/23,2,4,11,22,34,49,42
25/01/23,1,2,7,18,33,47,42
24/01/23,10,11,17,29,45,48,46
22/01/23,5,35,37,41,46,47,40
21/01/23,15,24,35,45,46,47,4
18/01/23,6,8,26,38,39,45,19
15/01/23,2,5,7,23,25,26,29
14/01/23,2,10,28,33,37,41,12
11/01/23,7,12,19,20,36,39,21
08/01/23,4,9,23,25,30,41,32
07/01/23,1,12,26,28,32,37,5
04/01/23,1,6,14,31,38,42,10
01/01/23,4,6,21,25,29,35,39
31/12/22,13,32,35,43,46,49,6
28/12/22,13,30,45,46,47,49,8
27/12/22,15,26,29,34,40,48,41
25/12/22,4,16,23,25,44,45,36
24/12/22,4,17,18,26,32,41,19
21/12/22,2,10,13,20,23,32,36
20/12/22,18,30,32,33,40,47,37
18/12/22,14,22,28,40,42,45,39
17/12/22,4,8,14,31,35,45,16
14/12/22,12,14,19,23,27,44,45
11/12/22,8,13,17,18,25,29,2
10/12/22,15,26,40,41,46,47,27
07/12/22,1,3,8,9,23,47,21
06/12/22,18,24,29,34,39,44,14
04/12/22,17,19,21,30,39,43,28
03/12/22,3,8,15,18,40,48,47
30/11/22,3,4,8,19,42,45,50
29/11/22,2,3,8,33,42,45,46
27/11/22,5,7,16,18,22,40,15
26/11/22,13,14,25,31,35,38,17
23/11/22,2,11,16,20,33,38,48
22/11/22,6,7,29,34,35,45,16
20/11/22,16,18,20,31,37,41,38
19/11/22,1,11,15,19,24,45,18
16/11/22,11,13,16,17,25,28,50
15/11/22,1,6,22,29,36,46,33
13/11/22,1,3,23,32,47,48,22
12/11/22,1,2,5,23,39,50,10
09/11/22,4,11,21,22,34,44,30
06/11/22,4,5,26,29,43,45,6
05/11/22,5,7,11,17,21,34,38
02/11/22,4,23,30,37,43,47,11
30/10/22,1,2,18,28,32,41,20
29/10/22,25,32,39,42,44,48,45
26/10/22,14,30,40,42,48,49,2
25/10/22,4,22,33,35,37,43,7
23/10/22,3,4,21,34,37,49,17
22/10/22,14,25,28,31,35,42,26
19/10/22,6,8,11,19,39,46,21
18/10/22,11,26,29,34,35,40,32
16/10/22,10,25,30,41,46,47,31
15/10/22,5,29,33,36,43,50,32
12/10/22,2,18,20,33,36,41,4
09/10/22,20,29,44,47,48,49,7
08/10/22,5,6,18,28,34,46,9
05/10/22,4,8,24,28,30,47,15
02/10/22,1,11,30,36,42,47,38
01/10/22,1,11,21,26,45,46,7
28/09/22,8,14,15,18,27,40,48
27/09/22,7,21,27,31,37,42,29
25/09/22,2,3,5,15,30,49,24
24/09/22,8,12,15,27,45,48,9
21/09/22,5,12,15,27,34,42,20
18/09/22,4,9,24,27,41,42,30
17/09/22,11,22,30,32,35,36,28
14/09/22,5,12,25,37,43,48,14
11/09/22,14,28,29,31,38,42,46
10/09/22,8,9,15,18,22,49,4
07/09/22,10,23,29,36,48,50,44
06/09/22,6,14,26,36,39,45,21
04/09/22,4,13,28,38,44,50,25
03/09/22,1,13,34,36,41,47,26
31/08/22,1,6,23,33,46,48,28
28/08/22,20,22,33,35,36,48,44
27/08/22,12,15,23,31,33,43,20
24/08/22,2,9,30,35,40,42,4
21/08/22,8,13,22,24,32,43,31
20/08/22,2,3,26,35,39,46,45
17/08/22,7,9,26,32,38,47,1
16/08/22,12,23,31,35,38,42,37
14/08/22,2,14,19,23,27,30,32
13/08/22,3,16,33,44,46,49,23
10/08/22,23,25,26,29,34,42,16
09/08/22,10,15,24,27,35,50,6
07/08/22,1,8,15,17,29,40,31
06/08/22,16,18,20,26,39,40,6
03/08/22,3,10,37,40,44,48,32
02/08/22,4,8,13,20,32,50,43
31/07/22,19,23,31,34,42,44,26
30/07/22,1,5,14,21,35,47,44
27/07/22,4,11,17,19,33,44,32
26/07/22,8,10,18,19,29,37,28
24/07/22,2,12,30,34,36,43,33
23/07/22,2,7,14,18,25,45,1
20/07/22,8,19,26,39,42,44,50
19/07/22,4,16,34,42,44,47,45
17/07/22,4,18,23,44,48,50,29
16/07/22,3,9,16,38,43,49,13
13/07/22,2,17,32,33,36,50,24
10/07/22,2,23,26,32,34,49,29
09/07/22,24,29,32,37,45,48,9
06/07/22,7,20,22,36,43,46,16
03/07/22,5,7,20,28,36,48,50
02/07/22,4,6,7,8,39,45,44
29/06/22,9,14,18,37,38,42,19
28/06/22,18,19,45,46,47,50,37
26/06/22,1,8,20,38,41,48,35
25/06/22,16,18,24,30,46,48,25
22/06/22,5,7,8,27,37,47,22
19/06/22,10,14,15,37,39,43,34
18/06/22,5,6,18,42,45,50,47
15/06/22,4,10,25,28,40,41,38
14/06/22,6,11,18,24,36,39,25
12/06/22,13,17,21,22,37,47,8
11/06/22,5,7,24,28,29,31,41
08/06/22,9,22,27,32,33,38,30
05/06/22,1,14,23,28,41,50,24
04/06/22,4,21,36,40,45,47,43
01/06/22,5,13,31,33,38,47,32
31/05/22,24,25,31,32,34,37,26
29/05/22,14,15,25,28,38,40,30
28/05/22,16,29,32,38,41,43,45
25/05/22,1,20,24,28,32,35,38
22/05/22,6,12,16,33,43,44,48
21/05/22,1,18,23,24,38,44,39
18/05/22,8,26,29,32,40,45,4
15/05/22,1,5,23,26,43,45,39
14/05/22,2,8,16,17,24,42,27
11/05/22,1,3,7,13,14,45,20
08/05/22,6,9,14,22,35,50,33
07/05/22,13,16,34,40,48,50,1
04/05/22,4,14,21,36,41,44,31
01/05/22,6,8,24,29,32,47,14
30/04/22,9,15,27,35,38,48,18
27/04/22,2,18,19,34,37,44,1
24/04/22,9,17,19,29,30,35,15
23/04/22,2,22,33,34,35,50,28
20/04/22,2,4,9,26,28,39,40
17/04/22,10,16,23,26,27,40,38
16/04/22,5,6,13,26,32,48,1
13/04/22,2,4,8,16,18,26,12
10/04/22,5,7,9,17,23,31,6
09/04/22,14,30,31,34,38,46,3
06/04/22,25,35,37,39,45,46,7
03/04/22,20,25,33,37,39,47,40
02/04/22,3,13,16,46,47,50,41
30/03/22,11,17,23,36,38,44,25
29/03/22,8,19,28,30,46,49,18
27/03/22,6,19,23,27,44,49,15
26/03/22,4,5,9,23,41,50,48
23/03/22,1,2,5,19,27,44,26
20/03/22,3,9,17,23,33,45,35
19/03/22,12,15,21,46,48,49,32
16/03/22,5,25,29,30,32,42,7
13/03/22,23,26,36,37,39,48,44
12/03/22,12,19,24,34,35,47,13
09/03/22,1,6,8,12,18,20,45
06/03/22,7,14,21,23,36,46,42
05/03/22,6,18,26,36,37,43,47
02/03/22,1,6,13,16,44,45,22
27/02/22,8,10,19,31,37,45,48
26/02/22,12,18,21,30,42,50,44
23/02/22,11,29,32,43,45,48,15
20/02/22,29,35,36,37,39,50,22
19/02/22,1,16,18,21,33,41,20
16/02/22,1,3,6,9,31,36,24
15/02/22,3,4,12,19,38,49,11
13/02/22,20,23,27,35,47,49,10
12/02/22,3,6,18,22,23,29,43
09/02/22,3,11,30,34,35,42,6
08/02/22,12,13,14,29,44,45,26
06/02/22,8,9,24,38,45,49,21
05/02/22,6,24,27,31,47,50,20
02/02/22,5,6,26,30,32,34,40
30/01/22,4,20,22,30,42,47,6
29/01/22,33,34,35,43,45,46,7
26/01/22,3,9,24,25,30,50,39
25/01/22,14,24,26,28,41,50,34
23/01/22,7,9,15,18,25,34,29
22/01/22,1,3,30,37,39,42,45
19/01/22,2,10,27,33,38,49,50
16/01/22,3,10,24,45,47,49,26
15/01/22,9,31,38,40,41,49,42
12/01/22,7,20,26,31,36,47,49
09/01/22,6,28,31,35,40,42,15
08/01/22,1,3,21,25,26,28,16
05/01/22,9,10,11,24,36,46,18
02/01/22,2,12,20,25,39,43,26
01/01/22,4,20,21,36,42,49,34
29/12/21,8,18,36,37,48,49,41
28/12/21,10,12,15,31,36,37,39
26/12/21,17,27,35,38,39,47,3
25/12/21,1,15,22,26,27,44,33
22/12/21,15,18,22,29,31,48,39
19/12/21,1,22,30,31,38,48,26
18/12/21,8,18,20,21,31,32,22
15/12/21,2,13,24,27,46,50,30
12/12/21,30,31,38,43,46,47,10
11/12/21,3,5,18,23,26,43,6
08/12/21,3,12,25,36,45,46,19
07/12/21,7,11,18,28,42,50,40
05/12/21,9,11,19,26,44,48,38
04/12/21,3,18,39,40,41,47,1
01/12/21,2,10,17,19,32,45,25
30/11/21,11,16,19,23,26,42,10
28/11/21,2,19,20,37,39,41,43
27/11/21,1,7,10,11,30,46,45
24/11/21,4,13,18,32,33,43,37
21/11/21,6,11,21,28,30,32,36
20/11/21,15,18,29,34,35,43,2
17/11/21,3,12,21,24,33,36,34
14/11/21,14,17,22,24,32,48,30
13/11/21,9,26,37,44,47,50,40
10/11/21,2,13,17,24,42,46,16
07/11/21,17,19,21,41,43,49,9
06/11/21,7,8,9,15,16,22,10
03/11/21,3,16,18,19,38,50,45
02/11/21,9,16,17,33,42,47,1
31/10/21,2,3,26,29,37,45,13
30/10/21,19,21,37,41,45,49,9
27/10/21,14,18,25,26,41,49,31
26/10/21,1,24,26,29,43,44,4
24/10/21,16,27,31,33,45,47,8
23/10/21,10,17,23,28,29,43,49
20/10/21,4,11,15,18,35,36,9
17/10/21,6,11,14,20,26,32,3
16/10/21,1,4,20,26,34,38,43
13/10/21,6,15,28,30,31,41,19
10/10/21,7,24,25,34,43,44,19
09/10/21,5,12,24,35,43,50,20
06/10/21,14,34,39,42,46,48,43
05/10/21,4,7,8,20,34,38,50
03/10/21,2,14,17,20,22,31,29
02/10/21,11,13,24,25,26,34,38
29/09/21,2,7,10,15,26,32,29
28/09/21,9,23,29,32,43,45,34
26/09/21,1,18,19,24,40,42,5
25/09/21,15,25,30,32,47,49,16
22/09/21,19,27,40,41,46,50,35
19/09/21,8,22,38,43,44,45,24
18/09/21,13,18,19,20,24,27,45
15/09/21,3,22,35,37,42,48,34
30/05/21,18,27,38,40,45,50,21
29/05/21,6,10,11,17,18,36,12
26/05/21,10,11,21,31,36,50,18
25/05/21,3,22,34,38,45,48,17
23/05/21,2,9,17,34,35,41,27
22/05/21,1,3,9,10,17,49,44
19/05/21,5,19,24,25,42,43,28
16/05/21,18,20,23,37,41,42,50
15/05/21,19,27,34,35,42,49,17
12/05/21,1,4,15,29,33,39,30
09/05/21,6,15,17,41,45,46,1
08/05/21,2,10,31,40,45,49,9
05/05/21,5,18,20,29,33,42,10
02/05/21,5,8,12,13,18,20,1
01/05/21,20,21,30,37,42,47,10
28/04/21,8,10,12,16,22,50,47
25/04/21,24,30,31,38,42,48,39
24/04/21,1,7,15,24,32,50,10
21/04/21,4,7,10,13,38,42,47
18/04/21,22,28,31,33,43,44,37
17/04/21,4,27,43,45,46,50,38
14/04/21,7,41,44,46,48,49,9
11/04/21,11,17,25,30,47,49,48
10/04/21,9,17,37,40,44,49,22
07/04/21,6,9,22,24,43,46,41
06/04/21,10,19,28,38,41,47,13
04/04/21,2,3,4,19,38,41,46
03/04/21,11,13,15,16,17,21,32
31/03/21,1,3,22,40,44,45,27
30/03/21,13,17,21,36,37,49,9
28/03/21,9,12,15,35,44,45,2
27/03/21,8,19,30,33,35,38,7
24/03/21,3,16,19,21,36,50,18
21/03/21,16,17,21,23,33,40,24
20/03/21,4,14,24,28,32,43,17
17/03/21,3,22,29,34,36,43,14
14/03/21,9,18,36,39,43,45,48
13/03/21,23,27,34,41,43,45,50
10/03/21,5,25,29,31,44,45,9
07/03/21,8,19,23,31,41,42,44
06/03/21,22,26,33,40,43,49,31
03/03/21,3,5,6,20,28,40,19
02/03/21,4,10,11,13,34,49,12
28/02/21,7,15,20,21,27,28,36
27/02/21,7,9,14,16,29,36,42
24/02/21,7,9,13,22,24,46,14
21/02/21,4,9,16,29,30,50,43
20/02/21,3,13,21,26,29,30,12
17/02/21,18,25,32,34,40,46,4
16/02/21,2,15,21,42,43,50,6
14/02/21,1,7,10,16,17,47,45
13/02/21,9,16,30,41,42,44,10
10/02/21,20,29,34,44,47,49,43
09/02/21,10,16,17,25,35,49,9
07/02/21,2,16,20,36,40,50,10
06/02/21,5,21,22,23,41,42,24
03/02/21,12,15,20,21,36,50,39
02/02/21,6,11,16,25,29,46,49
31/01/21,3,9,15,17,31,47,23
30/01/21,5,6,11,18,24,43,48
27/01/21,9,22,27,34,39,40,33
26/01/21,1,17,21,35,40,44,5
24/01/21,3,5,13,19,24,26,1
23/01/21,8,23,28,43,45,47,12
20/01/21,2,6,24,35,40,44,28
17/01/21,2,7,11,34,39,45,27
16/01/21,8,31,32,35,37,49,4
13/01/21,10,25,29,35,45,46,47
10/01/21,1,4,18,31,46,49,36
09/01/21,19,23,33,40,43,48,32
06/01/21,3,11,18,31,35,45,25
03/01/21,7,9,17,21,27,40,2
02/01/21,1,19,33,41,43,49,34
30/12/20,8,11,17,18,33,40,43
27/12/20,4,9,25,30,43,44,24
26/12/20,6,7,19,31,32,45,21
23/12/20,10,25,30,31,34,37,36
20/12/20,10,14,32,37,46,49,39
19/12/20,4,11,17,21,22,45,9
16/12/20,2,11,23,28,40,45,8
13/12/20,22,26,31,38,43,50,28
12/12/20,4,14,29,30,45,46,39
09/12/20,1,18,19,32,45,49,12
06/12/20,4,6,19,25,30,34,44
05/12/20,9,15,20,26,30,39,42
02/12/20,12,23,27,29,41,49,26
01/12/20,1,17,22,27,34,36,10
29/11/20,7,12,18,34,38,42,9
28/11/20,1,3,11,32,33,36,9
25/11/20,27,29,31,33,35,49,13
22/11/20,8,18,27,38,43,44,39
21/11/20,16,25,34,38,43,49,36
18/11/20,1,2,11,12,15,34,30
15/11/20,9,14,24,31,33,43,13
14/11/20,5,10,13,14,27,46,18
11/11/20,1,3,8,19,28,34,32
08/11/20,9,16,41,44,45,46,18
07/11/20,7,8,17,33,38,49,42
04/11/20,6,15,22,30,37,45,46
03/11/20,8,12,13,34,44,50,33
01/11/20,4,5,23,27,31,47,21
31/10/20,10,31,35,38,40,46,9
28/10/20,6,12,19,23,39,42,2
25/10/20,3,4,25,28,30,46,45
24/10/20,2,7,33,34,48,50,40
21/10/20,5,7,13,16,23,26,47
18/10/20,1,16,34,36,41,50,20
17/10/20,2,18,19,28,32,43,40
14/10/20,1,9,17,34,43,44,29
13/10/20,9,23,30,38,43,50,10
11/10/20,8,13,15,27,33,41,29
10/10/20,5,11,16,23,28,43,21
07/10/20,3,7,13,29,35,42,39
04/10/20,11,15,27,32,35,38,49
03/10/20,6,9,18,29,30,32,47
30/09/20,6,14,15,21,23,43,1
27/09/20,9,19,20,35,40,46,22
26/09/20,16,20,21,35,41,45,32
23/09/20,8,16,32,39,44,47,24
20/09/20,4,18,24,32,34,43,31
19/09/20,2,18,23,36,47,48,34
16/09/20,15,28,33,41,48,50,12
13/09/20,8,9,10,11,14,27,18
12/09/20,9,16,37,39,45,49,11
09/09/20,7,8,21,40,45,48,6
06/09/20,1,15,24,30,47,48,42
05/09/20,12,14,17,42,43,49,35
02/09/20,9,19,23,36,42,45,3
01/09/20,10,17,26,29,33,39,46
30/08/20,2,24,34,37,45,46,26
29/08/20,7,11,14,21,27,45,19
26/08/20,5,13,17,23,27,49,29
23/08/20,5,7,11,23,31,37,29
22/08/20,3,26,34,39,40,49,18
19/08/20,5,10,18,22,40,44,19
16/08/20,26,31,32,33,36,44,35
15/08/20,8,14,15,16,28,33,7
12/08/20,11,14,17,24,32,43,13
09/08/20,14,25,30,44,48,50,28
08/08/20,5,10,12,21,42,49,46
05/08/20,8,14,34,35,37,44,6
02/08/20,3,7,19,30,42,45,20
01/08/20,2,6,17,20,26,29,7
29/07/20,2,6,16,24,35,50,45
26/07/20,10,12,19,22,39,40,49
25/07/20,9,12,19,20,29,47,46
22/07/20,3,4,8,10,11,27,42
19/07/20,3,15,22,34,43,47,5
18/07/20,4,11,14,28,30,42,29
15/07/20,2,7,10,17,38,46,32
12/07/20,14,19,35,38,39,50,12
11/07/20,2,5,22,29,37,47,49
08/07/20,15,18,22,24,38,48,44
07/07/20,5,13,23,35,37,46,6
05/07/20,14,27,30,32,41,46,15
04/07/20,2,6,18,19,33,43,8
01/07/20,3,4,5,11,39,42,38
28/06/20,14,27,32,35,42,46,21
27/06/20,12,22,25,33,37,44,35
24/06/20,6,11,24,35,47,50,10
21/06/20,3,10,13,29,33,48,38
20/06/20,2,13,27,28,35,45,46
17/06/20,16,32,38,42,45,49,40
15/03/20,7,18,27,37,40,44,38
14/03/20,3,12,35,38,43,48,19
11/03/20,3,4,6,16,19,48,34
08/03/20,17,24,27,28,31,43,49
07/03/20,2,23,26,40,43,45,22
04/03/20,15,16,19,26,32,36,27
01/03/20,1,22,24,36,39,50,20
29/02/20,2,14,18,19,21,42,5
26/02/20,1,2,9,10,25,36,27
23/02/20,1,2,15,18,25,36,4
22/02/20,9,11,18,28,32,33,24
19/02/20,26,39,40,41,44,45,33
16/02/20,3,8,28,33,34,35,38
15/02/20,2,7,11,15,16,25,30
12/02/20,18,31,35,39,47,50,15
09/02/20,11,14,16,18,34,37,49
08/02/20,6,14,20,42,44,46,22
05/02/20,18,31,35,44,48,49,36
04/02/20,19,25,34,35,47,48,40
02/02/20,6,8,19,37,38,43,39
01/02/20,10,12,13,17,29,34,42
29/01/20,12,18,19,20,26,46,49
28/01/20,5,14,30,42,49,50,32
26/01/20,12,23,33,36,47,50,2
25/01/20,1,12,13,29,34,44,30
22/01/20,4,6,16,35,41,49,19
21/01/20,10,19,26,42,43,49,30
19/01/20,2,3,29,32,36,44,17
18/01/20,5,11,30,40,44,46,12
15/01/20,5,7,15,24,47,50,43
12/01/20,2,7,8,17,28,39,11
11/01/20,5,11,30,37,41,50,13
08/01/20,5,10,14,34,36,48,12
05/01/20,1,27,28,35,45,47,7
04/01/20,3,5,12,27,38,48,28
01/01/20,23,27,36,37,38,49,29
29/12/19,8,15,33,38,44,49,31
28/12/19,5,10,14,17,28,37,23
25/12/19,8,11,25,28,39,48,37
22/12/19,4,5,7,24,38,49,48
21/12/19,7,25,27,33,45,50,6
18/12/19,3,6,29,31,36,46,34
15/12/19,1,26,28,32,38,41,34
14/12/19,1,3,5,27,31,39,30
11/12/19,8,17,20,35,38,41,46
08/12/19,5,7,9,23,33,38,15
07/12/19,14,16,19,20,36,46,24
04/12/19,14,19,32,39,42,47,16
03/12/19,15,17,20,29,30,45,18
01/12/19,9,11,18,24,28,32,41
30/11/19,2,11,13,29,30,40,16
27/11/19,3,21,26,32,37,41,18
24/11/19,4,6,19,24,29,34,12
23/11/19,9,17,23,30,32,33,12
20/11/19,6,13,18,37,39,41,34
17/11/19,1,16,25,29,37,49,36
16/11/19,5,8,25,30,36,46,18
13/11/19,3,8,27,41,43,44,19
10/11/19,12,20,23,32,44,48,15
09/11/19,22,32,40,41,45,49,13
06/11/19,1,8,19,21,37,39,34
05/11/19,6,14,30,38,43,48,22
03/11/19,2,15,20,29,32,45,47
02/11/19,5,10,21,33,34,43,41
30/10/19,25,27,33,42,47,50,22
27/10/19,9,15,22,31,35,46,49
26/10/19,8,20,32,36,41,46,49
23/10/19,15,16,37,41,45,47,9
20/10/19,6,11,12,35,36,38,41
19/10/19,3,12,15,23,26,27,32
16/10/19,6,12,19,21,41,49,18
13/10/19,8,21,29,35,44,47,18
12/10/19,15,21,29,31,40,48,2
09/10/19,9,13,20,40,43,46,6
06/10/19,8,11,18,19,38,48,47
05/10/19,7,9,19,20,31,36,40
02/10/19,4,16,23,28,35,37,36
01/10/19,5,10,25,26,30,43,19
29/09/19,2,11,25,36,44,48,50
28/09/19,7,11,18,27,30,34,23
25/09/19,5,8,9,12,44,50,17
22/09/19,2,9,19,26,41,43,7
21/09/19,24,33,34,35,37,43,47
18/09/19,3,10,18,21,24,49,35
15/09/19,2,12,24,35,47,50,7
14/09/19,6,17,26,27,30,31,35
11/09/19,20,27,30,36,43,50,22
10/09/19,1,4,5,14,31,43,19
08/09/19,12,23,27,32,33,39,9
07/09/19,17,19,27,37,47,48,11
04/09/19,11,16,18,22,33,48,23
01/09/19,3,6,21,37,45,49,41
31/08/19,6,8,14,18,20,40,10
28/08/19,5,18,33,36,38,40,26
25/08/19,7,13,33,34,36,48,3
24/08/19,10,11,30,34,42,48,31
21/08/19,2,4,17,19,43,44,46
20/08/19,22,29,32,38,39,43,26
18/08/19,1,2,5,11,24,31,20
17/08/19,9,17,20,21,41,47,24
14/08/19,8,23,31,32,45,50,6
11/08/19,2,11,19,23,36,39,13
10/08/19,2,3,9,14,19,24,44
07/08/19,5,8,16,27,34,48,4
04/08/19,3,23,31,39,41,43,37
03/08/19,1,5,20,21,34,46,24
31/07/19,1,18,19,24,37,49,10
30/07/19,7,13,17,24,29,31,19
28/07/19,6,12,21,34,36,43,13
27/07/19,4,8,18,23,48,50,19
24/07/19,14,18,28,30,43,46,8
21/07/19,4,20,30,46,48,50,14
20/07/19,5,7,15,24,27,41,46
17/07/19,9,13,34,35,39,46,40
14/07/19,1,20,32,40,41,44,34
13/07/19,10,16,30,42,43,46,12
10/07/19,5,11,14,19,34,37,15
07/07/19,14,16,24,31,35,45,34
06/07/19,11,12,24,25,43,48,40
03/07/19,3,13,20,24,27,49,19
30/06/19,2,12,27,31,45,46,50
29/06/19,2,7,19,33,41,44,25
26/06/19,14,15,19,40,42,43,12
23/06/19,2,10,29,30,43,50,49
22/06/19,1,7,22,28,29,42,10
19/06/19,7,12,16,17,31,44,40
18/06/19,3,4,19,24,34,47,12
16/06/19,9,18,22,24,35,50,34
15/06/19,22,27,31,33,42,49,34
12/06/19,5,18,20,27,36,39,6
09/06/19,13,17,21,22,30,40,20
08/06/19,13,25,26,31,32,39,41
05/06/19,9,22,26,31,33,38,7
02/06/19,2,13,16,20,37,45,28
01/06/19,16,18,23,24,29,44,40
29/05/19,6,8,11,13,32,43,28
26/05/19,3,14,25,38,46,49,21
25/05/19,7,16,18,19,31,38,5
22/05/19,2,5,6,11,28,47,1
19/05/19,5,11,16,25,34,45,38
18/05/19,17,22,28,36,38,49,37
15/05/19,1,24,31,44,46,49,22
12/05/19,4,7,21,24,25,45,8
11/05/19,9,12,22,25,32,46,26
08/05/19,3,5,19,25,33,38,39
05/05/19,16,17,20,27,39,40,5
04/05/19,5,16,22,27,28,41,4
01/05/19,1,6,34,39,40,47,31
28/04/19,2,4,16,34,35,50,41
27/04/19,7,8,13,19,31,43,48
24/04/19,5,15,34,35,44,45,24
21/04/19,4,28,36,41,45,47,19
20/04/19,3,9,14,31,35,47,27
17/04/19,13,16,19,24,32,35,39
14/04/19,16,31,34,35,47,48,18
13/04/19,2,13,31,44,48,49,35
10/04/19,13,21,36,38,43,50,9
07/04/19,4,8,14,24,38,40,29
06/04/19,4,30,40,41,45,49,2
03/04/19,6,9,19,24,47,50,49
02/04/19,6,26,30,31,35,48,11
31/03/19,5,15,19,24,38,49,45
30/03/19,19,23,24,37,40,49,45
27/03/19,4,5,11,13,26,50,44
24/03/19,1,12,30,31,33,49,26
23/03/19,1,14,16,34,42,43,19
20/03/19,3,8,9,28,47,49,32
17/03/19,3,10,16,17,35,39,8
16/03/19,12,18,22,28,32,44,29
13/03/19,7,13,17,30,38,43,33
10/03/19,5,15,27,29,34,43,36
09/03/19,32,34,42,43,44,50,38
06/03/19,3,6,14,22,23,47,10
03/03/19,4,12,26,27,40,47,36
02/03/19,7,22,25,26,41,48,2
27/02/19,8,13,24,28,40,41,25
24/02/19,13,26,31,34,40,45,28
23/02/19,2,10,24,27,35,37,9
20/02/19,2,6,19,20,33,35,45
19/02/19,4,20,35,36,38,45,10
17/02/19,13,14,15,34,44,48,35
16/02/19,1,8,18,31,35,42,7
13/02/19,3,22,26,34,44,50,39
10/02/19,5,11,18,20,21,31,40
09/02/19,10,12,14,17,22,42,36
06/02/19,2,13,14,24,30,34,11
05/02/19,5,12,14,24,33,45,3
03/02/19,1,31,37,39,46,48,27
02/02/19,6,7,18,19,34,37,17
30/01/19,2,17,20,32,35,39,38
29/01/19,6,17,24,39,42,47,26
27/01/19,8,13,14,19,27,42,11
26/01/19,1,6,16,32,42,50,5
23/01/19,3,21,24,26,31,40,50
20/01/19,2,4,14,19,35,40,3
19/01/19,10,12,16,17,22,35,38
16/01/19,13,14,17,18,22,42,45
13/01/19,4,5,8,14,17,48,50
12/01/19,1,17,18,27,48,49,9
09/01/19,4,6,14,22,34,44,24
06/01/19,1,6,10,41,44,49,26
05/01/19,1,10,14,31,41,48,33
02/01/19,26,32,35,38,45,50,46
30/12/18,1,2,3,7,30,49,13
29/12/18,12,20,22,27,39,42,7
26/12/18,21,25,27,35,38,46,10
25/12/18,20,28,38,40,49,50,45
23/12/18,1,23,30,36,38,47,15
22/12/18,6,10,20,22,23,48,19
19/12/18,5,9,20,22,33,42,21
16/12/18,4,12,13,18,24,47,8
15/12/18,2,9,17,47,48,49,12
12/12/18,15,27,38,42,44,48,12
09/12/18,11,23,30,33,37,49,42
08/12/18,15,36,38,41,42,50,49
05/12/18,1,7,21,22,38,45,5
04/12/18,2,19,23,25,38,45,41
02/12/18,1,5,16,29,40,47,7
01/12/18,12,14,22,32,40,47,41
28/11/18,6,11,18,19,25,39,8
27/11/18,5,19,20,25,34,43,17
25/11/18,2,14,19,25,27,42,16
24/11/18,15,16,24,37,41,47,17
21/11/18,6,8,23,31,32,38,15
18/11/18,5,15,22,29,32,43,9
17/11/18,5,8,17,22,34,50,13
14/11/18,3,16,31,36,44,46,4
11/11/18,2,10,12,20,28,36,3
10/11/18,21,26,29,40,47,48,49
07/11/18,8,18,23,44,46,48,16
06/11/18,12,16,18,21,22,46,28
04/11/18,5,16,19,30,36,39,33
03/11/18,4,13,22,28,36,40,35
31/10/18,4,8,11,21,26,38,40
30/10/18,23,28,32,36,39,42,40
28/10/18,18,23,24,30,36,42,38
27/10/18,11,13,23,24,42,45,20
24/10/18,4,17,37,41,44,49,25
21/10/18,4,26,35,42,46,50,1
20/10/18,27,38,39,40,47,50,48
17/10/18,10,12,23,27,28,47,33
14/10/18,7,17,23,36,38,41,30
13/10/18,14,23,27,32,35,38,16
10/10/18,6,13,19,29,36,45,34
07/10/18,9,22,24,38,41,47,31
06/10/18,6,14,18,42,48,49,47
03/10/18,3,4,8,10,24,33,28
02/10/18,4,6,28,35,40,46,8
30/09/18,1,8,17,19,25,50,6
29/09/18,2,12,16,21,26,44,32
26/09/18,9,13,26,34,42,45,7
25/09/18,10,13,23,36,39,50,25
23/09/18,3,13,33,35,48,50,8
22/09/18,2,13,18,20,33,36,38
19/09/18,9,10,12,25,33,46,21
16/09/18,3,8,18,30,43,49,23
15/09/18,1,8,10,32,43,47,15
12/09/18,13,14,16,25,29,32,21
09/09/18,1,11,19,33,37,48,50
08/09/18,11,13,27,34,42,49,35
05/09/18,7,20,21,30,32,49,6
04/09/18,2,8,19,39,40,49,12
02/09/18,5,13,14,33,36,50,26
01/09/18,2,13,18,20,26,32,7
29/08/18,9,15,20,32,35,46,10
28/08/18,4,5,17,29,37,40,10
26/08/18,4,15,19,21,26,44,7
25/08/18,13,16,22,30,35,46,38
22/08/18,7,12,17,29,34,44,36
19/08/18,3,4,8,15,25,50,18
18/08/18,4,26,35,37,39,42,31
15/08/18,5,12,13,20,31,39,23
12/08/18,9,23,24,27,32,46,47
11/08/18,1,3,15,25,29,38,14
08/08/18,15,18,22,37,41,50,12
07/08/18,7,8,16,36,46,48,13
05/08/18,8,18,19,20,30,50,39
04/08/18,14,20,25,26,31,46,4
01/08/18,1,2,3,8,15,33,31
31/07/18,9,11,17,26,30,44,46
29/07/18,3,6,34,38,43,50,14
28/07/18,2,6,9,11,29,43,14
25/07/18,5,10,31,36,38,42,3
22/07/18,2,4,7,18,35,36,40
21/07/18,3,4,14,24,31,38,35
18/07/18,12,20,28,38,40,43,1
15/07/18,3,26,27,29,37,39,12
14/07/18,1,17,32,35,43,45,41
11/07/18,3,28,29,33,43,45,32
08/07/18,9,12,13,18,35,47,21
07/07/18,3,4,14,17,34,45,27
04/07/18,3,8,14,30,32,42,2
03/07/18,8,9,10,12,37,40,45
01/07/18,7,26,30,37,44,49,6
30/06/18,6,8,15,19,31,48,38
27/06/18,5,14,20,33,36,49,38
26/06/18,4,11,17,18,25,39,46
24/06/18,20,28,29,33,36,38,2
23/06/18,3,24,41,45,46,47,27
20/06/18,1,14,27,42,44,48,38
17/06/18,2,10,15,16,31,47,28
16/06/18,8,10,31,32,33,48,38
13/06/18,1,5,20,24,34,45,31
10/06/18,19,21,22,26,33,41,40
09/06/18,6,8,17,18,40,41,30
06/06/18,14,26,35,40,41,42,48
03/06/18,2,15,16,18,21,36,35
02/06/18,13,22,25,37,39,45,7
30/05/18,17,38,43,45,47,49,23
27/05/18,14,15,17,19,20,23,41
26/05/18,24,31,36,41,43,50,13
23/05/18,11,13,18,41,49,50,16
20/05/18,8,21,36,37,42,43,48
19/05/18,6,21,23,40,41,43,44
16/05/18,6,14,22,23,31,32,9
13/05/18,13,15,26,30,41,48,50
12/05/18,5,12,16,25,35,36,22
09/05/18,1,7,8,33,36,50,5
06/05/18,3,22,23,29,45,47,2
05/05/18,5,8,15,32,42,45,34
02/05/18,1,2,5,11,23,24,43
01/05/18,2,12,18,29,38,47,3
29/04/18,9,26,30,36,43,44,11
28/04/18,6,15,31,38,40,49,2
25/04/18,1,20,22,30,31,33,17
22/04/18,23,28,31,40,42,43,37
21/04/18,1,6,17,22,33,43,44
18/04/18,6,12,24,33,34,50,42
15/04/18,17,28,34,36,39,40,37
14/04/18,11,15,32,35,48,49,3
11/04/18,9,17,22,29,35,50,48
08/04/18,6,21,22,24,34,36,17
07/04/18,9,24,29,35,36,42,49
04/04/18,8,18,25,46,47,49,28
03/04/18,2,9,21,24,36,46,15
01/04/18,12,17,21,26,33,37,22
31/03/18,8,9,10,11,34,47,36
28/03/18,7,10,17,21,29,33,4
25/03/18,11,20,21,38,40,49,1
24/03/18,14,17,29,35,39,44,6
21/03/18,3,7,15,16,48,49,50
18/03/18,13,27,29,39,46,47,3
17/03/18,6,7,25,31,47,49,35
14/03/18,15,17,33,36,38,44,47
11/03/18,17,19,21,24,25,27,23
10/03/18,14,22,23,27,32,46,18
07/03/18,4,13,16,21,39,49,19
06/03/18,6,13,16,32,34,45,2
04/03/18,22,26,32,41,43,48,30
03/03/18,25,26,27,31,39,42,2
28/02/18,13,22,24,29,31,49,26
27/02/18,27,29,32,43,46,48,17
25/02/18,10,13,23,37,41,45,33
24/02/18,1,10,30,39,45,47,13
21/02/18,2,10,12,16,40,44,42
20/02/18,8,21,24,34,37,49,42
18/02/18,29,33,36,46,47,50,4
17/02/18,2,3,30,34,37,49,9
14/02/18,11,13,27,28,38,42,5
13/02/18,12,17,30,32,46,49,9
11/02/18,2,18,23,26,31,36,22
10/02/18,1,6,9,17,20,23,3
07/02/18,14,27,29,37,46,47,9
06/02/18,4,21,26,38,42,47,11
04/02/18,7,10,16,18,29,39,50
03/02/18,12,20,23,33,37,41,21
31/01/18,22,25,28,31,39,41,37
30/01/18,10,12,22,23,32,48,44
28/01/18,9,15,21,23,40,44,20
27/01/18,17,23,28,35,48,49,21
24/01/18,5,16,31,36,43,46,28
21/01/18,4,7,17,33,38,43,41
20/01/18,6,16,17,21,26,38,37
17/01/18,3,8,11,27,29,37,20
16/01/18,1,3,23,27,28,42,18
14/01/18,7,12,26,30,33,35,15
13/01/18,8,22,27,31,33,50,37
10/01/18,28,29,30,34,42,48,7
07/01/18,10,11,24,33,42,45,17
06/01/18,1,27,39,40,41,43,14
03/01/18,3,8,12,40,42,47,6
31/12/17,9,29,37,41,42,43,28
30/12/17,1,22,39,44,46,49,11
27/12/17,4,7,22,33,41,49,28
26/12/17,1,2,9,33,35,46,20
24/12/17,20,21,29,46,49,50,14
23/12/17,2,18,22,25,31,37,3
20/12/17,6,9,19,31,33,49,28
17/12/17,6,12,32,37,38,50,20
16/12/17,23,24,30,35,37,42,27
13/12/17,3,5,15,26,29,35,46
10/12/17,1,13,16,28,43,45,34
09/12/17,9,10,14,28,32,35,23
06/12/17,9,11,13,25,26,38,15
05/12/17,6,24,32,34,43,44,15
03/12/17,5,6,15,32,35,37,44
02/12/17,10,11,12,35,45,50,4
29/11/17,13,16,25,37,44,50,2
28/11/17,3,13,18,32,44,45,20
26/11/17,1,9,15,23,32,46,14
25/11/17,19,26,32,37,42,49,25
22/11/17,2,5,6,29,40,41,33
19/11/17,4,8,9,10,20,32,38
18/11/17,20,27,34,37,45,47,26
15/11/17,13,21,26,39,42,45,8
12/11/17,11,15,21,26,30,48,2
11/11/17,14,19,21,31,36,42,25
08/11/17,11,12,15,28,33,37,22
07/11/17,13,16,34,40,48,50,19
05/11/17,15,16,23,25,32,50,47
04/11/17,13,26,29,30,46,48,36
01/11/17,1,7,28,36,39,42,16
31/10/17,2,3,10,27,31,49,7
29/10/17,15,23,25,27,32,40,22
28/10/17,25,27,30,33,35,50,11
25/10/17,5,16,23,41,49,50,29
22/10/17,8,15,18,25,35,44,2
21/10/17,5,9,13,17,21,50,15
